Date,Open,High,Low,Close,Trend(ETH),ClosePctChg
2015-08-07,2.83,3.54,2.52,2.77,75,0.0
2015-08-08,2.79,2.8,0.714725,0.753325,92,-0.7280415162454874
2015-08-09,0.706136,0.87981,0.629191,0.701897,76,-0.06826801181428999
2015-08-10,0.713989,0.729854,0.6365460000000001,0.708448,57,0.009333278244528787
2015-08-11,0.708087,1.13,0.663235,1.07,60,0.5103437372961743
2015-08-12,1.06,1.29,0.883608,1.22,65,0.14018691588785037
2015-08-13,1.22,1.97,1.17,1.83,86,0.5
2015-08-14,1.81,2.26,1.75,1.83,100,0.0
2015-08-15,1.8,1.88,1.57,1.69,88,-0.07650273224043724
2015-08-16,1.68,1.7,1.09,1.57,61,-0.07100591715976323
2015-08-17,1.58,1.58,1.19,1.2,47,-0.23566878980891726
2015-08-18,1.22,1.33,1.09,1.09,63,-0.09166666666666656
2015-08-19,1.17,1.32,1.17,1.26,57,0.15596330275229353
2015-08-20,1.25,1.53,1.25,1.46,63,0.1587301587301586
2015-08-21,1.48,1.56,1.35,1.4,48,-0.04109589041095896
2015-08-22,1.4,1.48,1.35,1.38,36,-0.014285714285714346
2015-08-23,1.38,1.41,1.3,1.35,52,-0.021739130434782483
2015-08-24,1.35,1.36,1.23,1.23,61,-0.08888888888888902
2015-08-25,1.23,1.24,1.13,1.14,56,-0.07317073170731714
2015-08-26,1.13,1.2,1.06,1.16,26,0.01754385964912286
2015-08-27,1.17,1.19,1.14,1.15,38,-0.008620689655172376
2015-08-28,1.15,1.21,1.12,1.19,30,0.034782608695652195
2015-08-29,1.19,1.21,1.15,1.18,34,-0.008403361344537785
2015-08-30,1.18,1.37,1.17,1.32,37,0.1186440677966103
2015-08-31,1.32,1.4,1.2,1.36,36,0.030303030303030276
2015-09-01,1.35,1.39,1.34,1.35,43,-0.007352941176470562
2015-09-02,1.35,1.35,1.26,1.29,26,-0.04444444444444451
2015-09-03,1.3,1.31,1.21,1.26,31,-0.023255813953488413
2015-09-04,1.26,1.3,1.24,1.27,30,0.007936507936507908
2015-09-05,1.28,1.34,1.27,1.34,24,0.0551181102362206
2015-09-06,1.34,1.37,1.29,1.3,18,-0.02985074626865669
2015-09-07,1.3,1.31,1.24,1.25,42,-0.03846153846153855
2015-09-08,1.25,1.28,1.23,1.24,23,-0.008000000000000007
2015-09-09,1.24,1.26,1.2,1.21,37,-0.024193548387096753
2015-09-10,1.21,1.22,1.14,1.17,36,-0.03305785123966942
2015-09-11,1.16,1.17,0.940675,0.982978,25,-0.15984786324786315
2015-09-12,0.9872280000000001,1.11,0.96978,1.04,37,0.05800943663032143
2015-09-13,1.04,1.04,0.902832,0.936003,32,-0.09999711538461542
2015-09-14,0.940566,0.9493870000000001,0.8717600000000001,0.8756219999999999,28,-0.06450940862369048
2015-09-15,0.875189,1.05,0.875189,0.9444100000000001,43,0.07855901290739631
2015-09-16,0.9419770000000001,0.9526979999999999,0.901639,0.907175,43,-0.039426732033756684
2015-09-17,0.9068649999999999,0.9092040000000001,0.831132,0.874231,40,-0.0363149337228208
2015-09-18,0.874574,0.8881020000000001,0.833908,0.853685,27,-0.023501797579815853
2015-09-19,0.8496030000000001,0.911883,0.833784,0.882391,29,0.033625986165857435
2015-09-20,0.881191,0.947741,0.8732049999999999,0.9384450000000001,25,0.06352512661620535
2015-09-21,0.9414959999999999,0.957326,0.878301,0.919047,36,-0.020670364272813102
2015-09-22,0.9193370000000001,0.9193370000000001,0.865225,0.9017959999999999,26,-0.018770530778077776
2015-09-23,0.90356,0.90891,0.885136,0.8934059999999999,30,-0.009303656259287085
2015-09-24,0.8967959999999999,0.9085709999999999,0.79346,0.81361,29,-0.08931661529024859
2015-09-25,0.820031,0.825665,0.712745,0.736223,23,-0.09511559592433727
2015-09-26,0.73763,0.7875439999999999,0.709328,0.785964,26,0.06756240975899974
2015-09-27,0.791277,0.791277,0.719169,0.720839,27,-0.08286002921253388
2015-09-28,0.723715,0.725677,0.557062,0.582886,28,-0.19137837991562612
2015-09-29,0.579414,0.67583,0.558346,0.661146,37,0.13426296051028852
2015-09-30,0.661192,0.746722,0.635861,0.738644,33,0.11721767960480745
2015-10-01,0.7343069999999999,0.7343069999999999,0.655906,0.6902149999999999,33,-0.06556473754609804
2015-10-02,0.683732,0.69112,0.654605,0.678574,22,-0.016865759219953036
2015-10-03,0.678783,0.709204,0.6754819999999999,0.687171,12,0.012669215148237267
2015-10-04,0.686343,0.693126,0.660716,0.668379,29,-0.027346904918863046
2015-10-05,0.666784,0.674438,0.62445,0.6286430000000001,21,-0.05945129933765103
2015-10-06,0.622218,0.653944,0.60623,0.650645,30,0.03499919668237772
2015-10-07,0.650515,0.656301,0.6024229999999999,0.609388,28,-0.0634093860707452
2015-10-08,0.6095010000000001,0.633138,0.591971,0.6217159999999999,20,0.020230132526403377
2015-10-09,0.655084,0.692296,0.632116,0.650628,22,0.04650354824389269
2015-10-10,0.641187,0.649022,0.624374,0.627857,18,-0.03499849376294906
2015-10-11,0.6274609999999999,0.639506,0.6183350000000001,0.634963,25,0.011317863781084014
2015-10-12,0.6345149999999999,0.6577890000000001,0.62603,0.62603,19,-0.014068536276917065
2015-10-13,0.627943,0.6302399999999999,0.599214,0.6076550000000001,34,-0.029351628516205208
2015-10-14,0.61224,0.61224,0.48397399999999996,0.522968,37,-0.13936691050020167
2015-10-15,0.523278,0.5727140000000001,0.51473,0.561878,25,0.07440225788193544
2015-10-16,0.562593,0.568861,0.522533,0.5364949999999999,30,-0.045175287161981825
2015-10-17,0.534117,0.5634600000000001,0.526961,0.5471779999999999,24,0.01991258073234614
2015-10-18,0.547913,0.552234,0.512861,0.517734,24,-0.05381064297175675
2015-10-19,0.517621,0.521546,0.480994,0.48901400000000006,27,-0.05547250132307313
2015-10-20,0.489629,0.501898,0.431648,0.434829,17,-0.11080459864134773
2015-10-21,0.43158900000000006,0.48298800000000003,0.420897,0.447329,27,0.02874693270228046
2015-10-22,0.444988,0.619466,0.420991,0.567702,23,0.26909277064531945
2015-10-23,0.5663699999999999,0.611743,0.5042840000000001,0.5396569999999999,29,-0.04940091808730651
2015-10-24,0.5396810000000001,0.577396,0.518688,0.5635899999999999,29,0.04434853990590315
2015-10-25,0.563207,0.688192,0.561383,0.616039,31,0.0930623325467097
2015-10-26,0.619743,0.757517,0.5970979999999999,0.731317,18,0.1871277630150039
2015-10-27,0.7088899999999999,0.898172,0.7088899999999999,0.869641,37,0.1891436955519974
2015-10-28,0.8709379999999999,1.06,0.8078569999999999,1.0,32,0.14989978623362976
2015-10-29,1.01,1.21,0.9473739999999999,1.21,61,0.20999999999999996
2015-10-30,1.21,1.35,0.96816,1.04,52,-0.14049586776859502
2015-10-31,1.05,1.06,0.9001709999999999,0.9166270000000001,43,-0.11862788461538454
2015-11-01,0.920847,1.08,0.8990819999999999,1.06,41,0.15641367753731883
2015-11-02,1.06,1.1,0.9536469999999999,0.9897889999999999,40,-0.06623679245283032
2015-11-03,0.994568,1.07,0.936615,1.01,40,0.020419503550756835
2015-11-04,1.01,1.04,0.725665,0.89905,9,-0.10985148514851484
2015-11-05,0.900699,0.991259,0.860382,0.8956370000000001,7,-0.0037962293532060043
2015-11-06,0.9047719999999999,0.989848,0.852929,0.926032,8,0.03393673999622604
2015-11-07,0.923732,0.943787,0.863539,0.927974,5,0.0020971197539609854
2015-11-08,0.9156610000000001,1.03,0.9156610000000001,1.03,6,0.10994489069736879
2015-11-09,1.03,1.11,0.945263,0.9992780000000001,10,-0.029827184466019285
2015-11-10,1.0,1.05,0.920968,0.934348,7,-0.06497691333142541
2015-11-11,0.9412959999999999,0.9452780000000001,0.729775,0.791829,12,-0.15253310329770065
2015-11-12,0.796455,0.913919,0.76351,0.895711,9,0.13119246706043852
2015-11-13,0.9077219999999999,0.917309,0.846023,0.9040959999999999,13,0.00936127835875622
2015-11-14,0.9054690000000001,0.906113,0.876908,0.888812,5,-0.01690528439457739
2015-11-15,0.891217,0.921516,0.874957,0.9063680000000001,7,0.019752208566040874
2015-11-16,0.906166,0.944732,0.891971,0.9289620000000001,8,0.024928064538906947
2015-11-17,0.924948,1.03,0.9057940000000001,1.01,5,0.08723499992464712
2015-11-18,0.9932139999999999,1.01,0.940516,0.9933190000000001,9,-0.01651584158415831
2015-11-19,0.988713,1.01,0.9374979999999999,0.9555319999999999,10,-0.038041152942811074
2015-11-20,0.955735,0.955735,0.898576,0.9249200000000001,7,-0.03203660369302108
2015-11-21,0.928758,0.978743,0.92094,0.97614,9,0.055377762401072506
2015-11-22,0.979765,0.984132,0.958982,0.968018,5,-0.008320527793144405
2015-11-23,0.967493,0.969057,0.9338700000000001,0.9469690000000001,7,-0.02174443037216245
2015-11-24,0.946442,0.948055,0.8959309999999999,0.900191,7,-0.04939760435663687
2015-11-25,0.893827,0.899493,0.8511059999999999,0.8635370000000001,7,-0.040718025396832336
2015-11-26,0.863273,0.903643,0.8043600000000001,0.8841829999999999,5,0.023908645489423064
2015-11-27,0.8821,0.900051,0.8606950000000001,0.867951,5,-0.01835819055557497
2015-11-28,0.868102,0.929293,0.8621219999999999,0.915703,4,0.055016930679266496
2015-11-29,0.9141440000000001,0.9141530000000001,0.860533,0.8786139999999999,7,-0.04050330729505103
2015-11-30,0.879951,0.8950540000000001,0.8476959999999999,0.8731190000000001,6,-0.0062541684972010625
2015-12-01,0.878316,0.8867360000000001,0.8539370000000001,0.8748,7,0.0019252816626369462
2015-12-02,0.8731709999999999,0.878017,0.818924,0.82121,8,-0.06125971650663009
2015-12-03,0.818546,0.837664,0.785086,0.8121430000000001,9,-0.011041024829215318
2015-12-04,0.812082,0.859575,0.802373,0.840041,4,0.03435109334193598
2015-12-05,0.841195,0.872821,0.8244440000000001,0.8624379999999999,8,0.026661793888631546
2015-12-06,0.866417,0.8824360000000001,0.8331149999999999,0.8355,7,-0.03123470904575154
2015-12-07,0.8363219999999999,0.850791,0.78765,0.811264,7,-0.02900777977259128
2015-12-08,0.806024,0.8236450000000001,0.782328,0.822118,10,0.013379121962764362
2015-12-09,0.8244540000000001,0.8244540000000001,0.7704880000000001,0.792167,8,-0.036431509831922004
2015-12-10,0.7955899999999999,0.86159,0.787291,0.8403959999999999,7,0.060882364450930204
2015-12-11,0.839995,0.9297620000000001,0.819789,0.9297620000000001,12,0.10633796448341037
2015-12-12,0.9311959999999999,1.05,0.9285459999999999,0.976973,12,0.050777510803839965
2015-12-13,0.9715379999999999,0.989394,0.9374379999999999,0.9528840000000001,4,-0.024656771476796124
2015-12-14,0.95662,1.01,0.9501780000000001,0.993022,6,0.04212265081583899
2015-12-15,0.9905889999999999,1.03,0.98224,1.01,8,0.017097304994249996
2015-12-16,1.02,1.02,0.9749270000000001,0.991182,9,-0.01863168316831687
2015-12-17,0.993043,0.997611,0.9118069999999999,0.940701,9,-0.05093010163622824
2015-12-18,0.938327,0.939493,0.9080809999999999,0.920127,10,-0.02187092391737644
2015-12-19,0.921524,0.925874,0.888916,0.9080719999999999,5,-0.013101452299519645
2015-12-20,0.9082399999999999,0.943185,0.8994409999999999,0.903885,7,-0.004610867860698087
2015-12-21,0.906065,0.9173899999999999,0.8911819999999999,0.9007709999999999,8,-0.0034451285285187483
2015-12-22,0.8949729999999999,0.9095260000000001,0.862059,0.864202,7,-0.04059744374541352
2015-12-23,0.8617819999999999,0.88294,0.856065,0.8580770000000001,6,-0.007087463347689504
2015-12-24,0.859433,0.882818,0.8476,0.8632620000000001,6,0.006042581260189861
2015-12-25,0.861993,0.8825559999999999,0.861993,0.8703629999999999,8,0.008225776183823363
2015-12-26,0.870766,0.8974530000000001,0.8383139999999999,0.8546030000000001,3,-0.018107387377450324
2015-12-27,0.853166,0.8615379999999999,0.841151,0.8563649999999999,3,0.0020617760527401607
2015-12-28,0.8563559999999999,0.872394,0.832932,0.8450049999999999,6,-0.013265371658113145
2015-12-29,0.843835,0.8730540000000001,0.833232,0.8730540000000001,5,0.03319388642670784
2015-12-30,0.874258,0.941099,0.866647,0.911958,4,0.04456081754393182
2015-12-31,0.912098,0.9754139999999999,0.910277,0.933542,6,0.023667756629143
2016-01-01,0.9337120000000001,0.954822,0.931442,0.948024,7,0.015512960316729218
2016-01-02,0.947401,0.9696370000000001,0.9365600000000001,0.937124,8,-0.011497599216897525
2016-01-03,0.9384299999999999,0.9913620000000001,0.934313,0.9719049999999999,6,0.03711461876976796
2016-01-04,0.972045,0.9764379999999999,0.9298350000000001,0.9544799999999999,7,-0.017928707023834645
2016-01-05,0.953147,0.9705969999999999,0.946543,0.950176,7,-0.004509261587461122
2016-01-06,0.9500280000000001,0.960659,0.935708,0.95086,9,0.0007198666352339345
2016-01-07,0.955801,0.9746229999999999,0.9358299999999999,0.942005,11,-0.00931262225774565
2016-01-08,0.942752,0.991825,0.939715,0.9867889999999999,8,0.047541148932330524
2016-01-09,0.9855010000000001,0.992345,0.9736,0.986833,4,4.458906615290026e-05
2016-01-10,0.985557,1.0,0.9750989999999999,0.999231,4,0.012563422585179174
2016-01-11,0.999216,1.07,0.999216,1.06,8,0.0608157673250731
2016-01-12,1.07,1.28,1.05,1.14,10,0.07547169811320731
2016-01-13,1.14,1.15,1.08,1.13,10,-0.00877192982456143
2016-01-14,1.12,1.19,1.1,1.19,10,0.053097345132743445
2016-01-15,1.18,1.32,1.14,1.21,10,0.01680672268907557
2016-01-16,1.22,1.31,1.17,1.22,13,0.008264462809917328
2016-01-17,1.22,1.33,1.21,1.33,11,0.0901639344262295
2016-01-18,1.33,1.54,1.32,1.43,17,0.07518796992481191
2016-01-19,1.42,1.46,1.31,1.37,13,-0.04195804195804187
2016-01-20,1.36,1.62,1.35,1.53,17,0.11678832116788307
2016-01-21,1.53,1.59,1.49,1.55,16,0.013071895424836555
2016-01-22,1.55,1.58,1.47,1.5,11,-0.032258064516129115
2016-01-23,1.5,2.03,1.5,1.97,18,0.31333333333333324
2016-01-24,1.9,2.3,1.9,2.14,25,0.08629441624365497
2016-01-25,2.15,2.66,2.06,2.5,29,0.16822429906542058
2016-01-26,2.53,2.84,1.99,2.28,26,-0.08800000000000008
2016-01-27,2.25,2.59,2.19,2.39,25,0.04824561403508776
2016-01-28,2.41,2.68,2.34,2.53,21,0.058577405857740406
2016-01-29,2.54,2.61,2.3,2.49,21,-0.015810276679841695
2016-01-30,2.51,2.61,2.4,2.45,14,-0.016064257028112428
2016-01-31,2.44,2.53,2.19,2.31,18,-0.05714285714285716
2016-02-01,2.32,2.32,2.12,2.21,18,-0.04329004329004338
2016-02-02,2.22,2.45,2.16,2.44,12,0.10407239819004532
2016-02-03,2.43,2.54,2.34,2.53,18,0.03688524590163933
2016-02-04,2.53,2.63,2.44,2.58,20,0.01976284584980248
2016-02-05,2.57,2.61,2.47,2.54,13,-0.015503875968992276
2016-02-06,2.53,2.56,2.47,2.53,13,-0.003937007874015852
2016-02-07,2.54,3.06,2.54,2.96,16,0.16996047430830052
2016-02-08,2.97,3.27,2.88,3.18,30,0.07432432432432434
2016-02-09,3.17,4.04,3.17,4.04,35,0.270440251572327
2016-02-10,4.0,4.86,3.78,4.44,44,0.0990099009900991
2016-02-11,4.5,6.29,4.34,6.01,50,0.35360360360360343
2016-02-12,5.95,6.58,5.07,5.55,56,-0.0765391014975042
2016-02-13,5.69,5.72,4.19,5.39,40,-0.028828828828828867
2016-02-14,5.4,5.47,4.45,5.24,28,-0.027829313543599188
2016-02-15,5.33,5.89,5.02,5.29,41,0.009541984732824416
2016-02-16,5.33,5.47,4.03,4.32,35,-0.18336483931947067
2016-02-17,4.29,4.77,3.5,3.76,31,-0.12962962962962976
2016-02-18,3.77,4.77,3.42,4.4,21,0.17021276595744705
2016-02-19,4.38,4.79,4.27,4.74,19,0.07727272727272716
2016-02-20,4.68,4.75,4.13,4.34,31,-0.08438818565400852
2016-02-21,4.36,4.71,4.23,4.65,24,0.07142857142857162
2016-02-22,4.66,5.65,4.64,5.62,26,0.2086021505376343
2016-02-23,5.68,5.95,5.39,5.59,31,-0.005338078291814985
2016-02-24,5.6,6.24,5.51,6.24,30,0.11627906976744184
2016-02-25,6.19,6.65,5.55,6.1,36,-0.022435897435897578
2016-02-26,6.04,6.27,5.74,5.92,34,-0.02950819672131144
2016-02-27,5.96,6.53,5.92,6.43,36,0.08614864864864868
2016-02-28,6.41,6.62,6.24,6.47,31,0.0062208398133747345
2016-02-29,6.46,6.61,6.05,6.34,38,-0.020092735703245768
2016-03-01,6.32,7.91,6.31,7.65,37,0.20662460567823349
2016-03-02,7.63,8.75,7.37,8.47,53,0.1071895424836602
2016-03-03,8.44,10.1,8.33,9.29,80,0.09681227863046016
2016-03-04,9.24,10.41,8.48,10.41,56,0.12055974165769667
2016-03-05,10.37,12.27,9.97,11.0,79,0.0566762728146013
2016-03-06,11.2,11.84,9.99,11.38,55,0.03454545454545466
2016-03-07,11.43,11.65,9.31,9.55,62,-0.1608084358523726
2016-03-08,9.58,10.17,8.82,9.85,54,0.03141361256544495
2016-03-09,9.79,12.05,9.67,11.9,48,0.20812182741116758
2016-03-10,11.88,12.24,10.99,11.3,53,-0.05042016806722682
2016-03-11,11.22,11.6,10.39,11.08,52,-0.019469026548672663
2016-03-12,11.13,13.53,11.09,13.53,62,0.22111913357400725
2016-03-13,13.51,15.26,13.47,14.47,79,0.06947524020694762
2016-03-14,14.51,15.01,11.58,12.45,100,-0.139599170697996
2016-03-15,13.0,13.2,12.05,13.01,74,0.04497991967871484
2016-03-16,13.02,13.73,12.5,12.52,81,-0.037663335895465
2016-03-17,12.56,12.64,10.44,11.08,67,-0.11501597444089451
2016-03-18,11.11,11.18,8.52,11.0,65,-0.0072202166064981865
2016-03-19,11.2,11.2,9.78,10.53,54,-0.042727272727272836
2016-03-20,10.52,10.9,9.57,10.32,45,-0.019943019943019835
2016-03-21,10.3,12.01,10.16,11.86,50,0.1492248062015502
2016-03-22,11.88,12.03,11.18,11.27,54,-0.0497470489038786
2016-03-23,11.33,12.43,11.24,12.42,56,0.10204081632653073
2016-03-24,12.44,12.5,10.8,11.23,46,-0.09581320450885666
2016-03-25,11.26,11.37,10.53,10.74,38,-0.04363312555654497
2016-03-26,10.77,11.18,10.59,10.97,38,0.02141527001862209
2016-03-27,10.99,11.05,10.11,10.42,39,-0.05013673655423889
2016-03-28,10.43,11.86,10.41,11.67,85,0.11996161228406921
2016-03-29,11.75,11.91,11.35,11.66,63,-0.0008568980291344674
2016-03-30,11.61,12.18,11.47,11.95,52,0.024871355060034128
2016-03-31,11.92,12.01,11.32,11.4,61,-0.046025104602510414
2016-04-01,11.4,11.85,11.4,11.66,48,0.02280701754385972
2016-04-02,11.63,11.69,11.4,11.6,38,-0.005145797598627877
2016-04-03,11.63,11.71,11.51,11.62,41,0.0017241379310344307
2016-04-04,11.62,11.62,11.02,11.16,41,-0.03958691910499135
2016-04-05,11.21,11.21,10.13,10.44,48,-0.06451612903225812
2016-04-06,10.45,10.97,10.28,10.69,50,0.023946360153256796
2016-04-07,10.7,10.81,9.95,10.07,40,-0.05799812909260982
2016-04-08,10.08,10.39,9.66,9.72,40,-0.0347567030784508
2016-04-09,9.69,10.09,9.07,9.15,37,-0.058641975308642014
2016-04-10,9.15,9.22,7.46,8.94,54,-0.022950819672131195
2016-04-11,8.94,8.95,8.0,8.64,38,-0.03355704697986561
2016-04-12,8.64,8.64,7.15,7.44,42,-0.13888888888888895
2016-04-13,7.44,8.72,7.07,8.04,40,0.08064516129032251
2016-04-14,8.08,8.76,8.02,8.39,36,0.04353233830845782
2016-04-15,8.39,8.62,8.1,8.24,34,-0.017878426698450522
2016-04-16,8.24,8.65,8.11,8.61,31,0.04490291262135915
2016-04-17,8.62,9.7,8.56,9.31,27,0.0813008130081303
2016-04-18,9.33,9.51,8.5,9.04,41,-0.029001074113856218
2016-04-19,9.08,9.31,8.6,8.71,36,-0.036504424778760924
2016-04-20,8.69,8.83,8.31,8.47,40,-0.027554535017221604
2016-04-21,8.45,8.72,7.96,8.1,35,-0.04368358913813475
2016-04-22,8.15,8.27,7.67,7.82,28,-0.03456790123456788
2016-04-23,7.79,8.55,7.74,8.29,25,0.06010230179028109
2016-04-24,8.29,8.47,7.96,8.0,28,-0.03498190591073569
2016-04-25,8.01,8.09,7.24,7.55,31,-0.05625000000000002
2016-04-26,7.53,7.55,7.06,7.4,31,-0.01986754966887405
2016-04-27,7.39,7.97,7.32,7.76,37,0.048648648648648596
2016-04-28,7.74,7.91,7.17,7.17,35,-0.0760309278350515
2016-04-29,7.21,7.73,7.17,7.46,26,0.04044630404463034
2016-04-30,7.45,9.37,7.45,8.81,34,0.18096514745308312
2016-05-01,8.78,9.01,8.43,8.85,40,0.004540295119182636
2016-05-02,8.89,10.32,8.85,10.16,49,0.14802259887005653
2016-05-03,10.17,10.17,9.28,9.31,38,-0.08366141732283461
2016-05-04,9.38,10.03,9.27,9.41,39,0.01074113856068748
2016-05-05,9.4,10.05,9.29,9.83,17,0.04463336875664181
2016-05-06,9.81,9.95,9.04,9.35,20,-0.04883011190233977
2016-05-07,9.32,9.48,9.21,9.37,20,0.002139037433155133
2016-05-08,9.37,9.6,8.93,9.48,17,0.011739594450373758
2016-05-09,9.49,9.64,9.2,9.3,16,-0.01898734177215189
2016-05-10,9.28,9.48,9.26,9.36,18,0.006451612903225712
2016-05-11,9.43,10.01,9.39,10.0,23,0.06837606837606836
2016-05-12,10.0,10.51,9.86,10.06,25,0.006000000000000005
2016-05-13,10.06,11.05,10.02,10.51,25,0.044731610337972016
2016-05-14,10.51,10.62,9.81,10.24,22,-0.025689819219790633
2016-05-15,10.24,10.44,9.93,9.96,20,-0.02734374999999989
2016-05-16,9.97,11.44,9.97,11.17,26,0.12148594377510036
2016-05-17,11.19,12.49,11.15,12.2,28,0.09221128021486114
2016-05-18,12.18,14.26,12.18,13.56,37,0.11147540983606574
2016-05-19,13.54,14.87,13.34,14.77,42,0.0892330383480826
2016-05-20,14.85,15.05,13.38,13.64,40,-0.07650643195666884
2016-05-21,13.69,14.05,13.12,14.02,34,0.027859237536656867
2016-05-22,14.04,14.35,13.77,14.29,35,0.01925820256776034
2016-05-23,14.28,14.49,13.19,13.46,32,-0.058082575227431654
2016-05-24,13.31,13.77,12.01,12.73,31,-0.05423476968796437
2016-05-25,12.79,12.9,11.77,12.53,35,-0.01571091908876676
2016-05-26,12.52,12.99,12.06,12.43,33,-0.007980845969672745
2016-05-27,12.39,12.39,10.5,11.3,35,-0.09090909090909083
2016-05-28,11.33,12.36,10.37,11.89,35,0.052212389380530855
2016-05-29,12.11,12.69,11.78,12.35,31,0.038687973086627414
2016-05-30,12.33,12.88,12.27,12.73,28,0.030769230769230882
2016-05-31,12.74,14.27,12.64,14.08,34,0.10604870384917509
2016-06-01,14.11,14.32,13.44,14.0,32,-0.005681818181818232
2016-06-02,13.99,14.05,13.63,13.74,30,-0.018571428571428572
2016-06-03,13.74,13.87,13.25,13.85,31,0.008005822416302655
2016-06-04,13.86,13.95,13.42,13.74,27,-0.007942238267148016
2016-06-05,13.76,14.07,13.57,13.97,23,0.01673944687045137
2016-06-06,14.0,14.06,13.73,13.93,25,-0.0028632784538297207
2016-06-07,13.95,14.51,13.81,14.51,28,0.04163675520459442
2016-06-08,14.51,14.78,14.28,14.42,24,-0.006202618883528577
2016-06-09,14.43,14.57,14.34,14.4,33,-0.001386962552011095
2016-06-10,14.38,14.43,13.82,13.91,24,-0.03402777777777777
2016-06-11,13.91,14.19,13.72,14.19,21,0.020129403306973437
2016-06-12,14.19,15.9,14.19,15.74,26,0.10923185341789998
2016-06-13,15.77,17.64,15.72,17.6,39,0.11817026683608645
2016-06-14,17.61,19.27,17.3,18.89,45,0.0732954545454545
2016-06-15,18.91,18.91,17.71,18.35,44,-0.02858655373213337
2016-06-16,18.36,20.83,18.36,20.59,44,0.1220708446866483
2016-06-17,20.65,21.52,13.57,15.38,100,-0.2530354541039339
2016-06-18,15.38,15.38,9.96,11.33,88,-0.2633289986996099
2016-06-19,11.17,13.18,10.64,12.23,66,0.07943512797881724
2016-06-20,12.24,12.45,10.52,11.84,61,-0.031888798037612465
2016-06-21,11.82,13.42,11.29,13.31,49,0.12415540540540548
2016-06-22,13.2,15.79,13.1,13.1,50,-0.01577761081893314
2016-06-23,13.22,13.79,12.56,13.68,39,0.04427480916030535
2016-06-24,13.68,14.57,13.22,14.33,33,0.047514619883040954
2016-06-25,14.3,14.58,14.02,14.28,29,-0.0034891835310537633
2016-06-26,14.26,14.37,13.66,13.85,26,-0.030112044817927175
2016-06-27,13.81,14.12,13.75,13.88,26,0.0021660649819494893
2016-06-28,13.93,13.98,11.72,12.18,31,-0.12247838616714701
2016-06-29,12.17,13.04,11.69,12.61,38,0.03530377668308704
2016-06-30,12.6,12.74,12.25,12.46,30,-0.011895321173671536
2016-07-01,12.44,12.49,11.73,12.2,26,-0.020866773675762618
2016-07-02,12.22,12.22,11.95,12.13,23,-0.0057377049180327155
2016-07-03,12.12,12.15,11.59,11.72,22,-0.033800494641385015
2016-07-04,11.7,11.88,11.39,11.47,27,-0.021331058020477855
2016-07-05,11.46,11.52,9.58,10.61,37,-0.07497820401046218
2016-07-06,10.58,11.11,10.28,10.53,29,-0.007540056550424112
2016-07-07,10.54,10.57,9.8,10.11,23,-0.03988603988603989
2016-07-08,10.12,11.52,9.96,11.39,23,0.12660731948565784
2016-07-09,11.42,11.46,10.73,10.97,21,-0.03687445127304656
2016-07-10,10.96,11.01,10.78,10.95,22,-0.001823154056517895
2016-07-11,10.94,11.01,10.26,10.46,22,-0.04474885844748844
2016-07-12,10.45,10.76,10.43,10.52,20,0.005736137667303964
2016-07-13,10.51,10.59,10.4,10.5,21,-0.0019011406844106071
2016-07-14,10.6,11.68,10.6,11.51,22,0.09619047619047616
2016-07-15,11.5,12.43,11.49,11.95,27,0.038227628149435144
2016-07-16,11.92,11.94,11.59,11.65,18,-0.025104602510460206
2016-07-17,11.62,11.67,11.01,11.16,23,-0.0420600858369099
2016-07-18,11.17,11.61,10.95,11.03,25,-0.011648745519713288
2016-07-19,11.05,12.01,11.01,11.62,24,0.05349048050770633
2016-07-20,11.59,12.99,11.57,12.45,41,0.0714285714285714
2016-07-21,12.46,12.71,11.99,12.65,39,0.016064257028112428
2016-07-22,12.66,14.81,12.54,14.66,36,0.15889328063241104
2016-07-23,14.67,14.9,14.05,14.3,35,-0.024556616643929052
2016-07-24,14.3,14.44,12.32,12.75,44,-0.10839160839160844
2016-07-25,12.74,13.86,12.68,13.84,40,0.08549019607843134
2016-07-26,13.82,13.85,11.73,11.99,50,-0.13367052023121384
2016-07-27,12.05,13.31,11.84,12.97,44,0.08173477898248538
2016-07-28,12.98,12.99,12.49,12.84,33,-0.010023130300694016
2016-07-29,12.84,12.87,12.55,12.79,28,-0.003894080996884819
2016-07-30,12.8,12.8,12.46,12.46,24,-0.025801407349491656
2016-07-31,12.44,12.51,11.55,11.88,30,-0.0465489566613162
2016-08-01,11.89,12.01,10.94,10.94,28,-0.07912457912457926
2016-08-02,10.95,11.14,8.2,8.79,43,-0.19652650822669104
2016-08-03,8.88,10.42,8.88,10.29,41,0.17064846416382262
2016-08-04,10.31,11.29,10.16,11.04,30,0.07288629737609331
2016-08-05,11.02,11.18,10.76,10.93,22,-0.009963768115942018
2016-08-06,10.92,10.94,10.29,10.88,20,-0.0045745654162853144
2016-08-07,10.86,11.09,10.78,10.91,22,0.0027573529411764053
2016-08-08,10.91,11.33,10.86,11.25,23,0.031164069660861493
2016-08-09,11.27,12.45,11.2,12.24,26,0.08800000000000008
2016-08-10,12.23,12.46,11.98,12.14,25,-0.008169934640522847
2016-08-11,12.14,12.27,11.63,11.69,25,-0.03706754530477763
2016-08-12,11.69,12.04,11.64,11.78,21,0.007698887938408783
2016-08-13,11.77,11.79,11.51,11.57,18,-0.017826825127334356
2016-08-14,11.58,11.69,11.1,11.19,20,-0.032843560933448646
2016-08-15,11.2,11.31,11.0,11.22,18,0.002680965147453085
2016-08-16,11.23,11.24,11.0,11.14,18,-0.007130124777183555
2016-08-17,11.13,11.15,10.75,10.75,16,-0.035008976660682256
2016-08-18,10.75,11.01,10.74,10.76,16,0.0009302325581395099
2016-08-19,10.75,10.8,10.73,10.75,16,-0.0009293680297397522
2016-08-20,10.75,11.3,10.75,11.25,12,0.04651162790697683
2016-08-21,11.25,11.25,10.99,11.18,17,-0.00622222222222224
2016-08-22,11.19,11.34,11.07,11.12,16,-0.00536672629695889
2016-08-23,11.14,11.23,10.9,11.03,16,-0.008093525179856065
2016-08-24,11.02,11.15,11.01,11.04,18,0.0009066183136898776
2016-08-25,11.03,11.39,11.02,11.36,19,0.02898550724637694
2016-08-26,11.35,11.45,11.21,11.3,18,-0.005281690140845008
2016-08-27,11.29,11.29,11.14,11.15,13,-0.013274336283185861
2016-08-28,11.15,11.15,10.92,10.93,19,-0.019730941704035887
2016-08-29,10.92,11.15,10.79,10.98,20,0.0045745654162854255
2016-08-30,10.99,11.3,10.96,11.23,19,0.022768670309653904
2016-08-31,11.24,11.68,11.18,11.67,21,0.03918076580587715
2016-09-01,11.67,12.58,11.65,11.99,22,0.02742073693230518
2016-09-02,11.96,12.31,11.88,12.11,20,0.010008340283569561
2016-09-03,12.11,12.36,11.35,11.76,15,-0.028901734104046173
2016-09-04,11.75,11.79,11.47,11.68,17,-0.006802721088435382
2016-09-05,11.68,11.81,11.59,11.72,18,0.0034246575342467
2016-09-06,11.73,11.73,11.47,11.69,17,-0.0025597269624574315
2016-09-07,11.69,11.73,11.52,11.55,17,-0.011976047904191489
2016-09-08,11.55,11.7,11.25,11.35,18,-0.017316017316017396
2016-09-09,11.41,11.68,11.39,11.65,13,0.026431718061673992
2016-09-10,11.66,12.22,11.54,12.17,14,0.04463519313304709
2016-09-11,12.21,12.21,11.59,11.64,15,-0.04354971240755956
2016-09-12,11.64,11.95,11.61,11.89,21,0.021477663230240474
2016-09-13,11.89,12.09,11.88,11.92,17,0.002523128679562614
2016-09-14,11.9,12.0,11.86,11.92,15,0.0
2016-09-15,11.94,12.14,11.92,11.94,18,0.001677852348993314
2016-09-16,11.96,12.75,11.9,12.56,19,0.051926298157453976
2016-09-17,12.56,12.76,12.44,12.7,16,0.011146496815286566
2016-09-18,12.69,12.99,12.16,12.43,21,-0.021259842519685046
2016-09-19,12.44,13.19,12.42,13.19,23,0.06114239742558336
2016-09-20,13.21,14.43,13.12,14.43,27,0.09401061410159217
2016-09-21,14.43,14.43,13.17,13.77,27,-0.04573804573804574
2016-09-22,13.66,13.66,12.48,13.25,25,-0.03776325344952791
2016-09-23,13.21,13.45,13.1,13.33,22,0.006037735849056647
2016-09-24,13.32,13.34,12.68,12.88,17,-0.033758439609902435
2016-09-25,12.85,13.11,12.8,13.1,27,0.017080745341614856
2016-09-26,13.17,13.17,12.74,12.82,20,-0.021374045801526687
2016-09-27,12.86,13.21,12.86,13.1,20,0.021840873634945357
2016-09-28,13.11,13.48,13.08,13.27,20,0.012977099236641143
2016-09-29,13.28,13.34,13.07,13.07,22,-0.015071590052750494
2016-09-30,13.08,13.34,13.02,13.22,19,0.011476664116296886
2016-10-01,13.2,13.31,13.05,13.17,14,-0.0037821482602118373
2016-10-02,13.18,13.3,13.14,13.2,17,0.00227790432801811
2016-10-03,13.2,13.49,13.19,13.45,19,0.018939393939394034
2016-10-04,13.45,13.53,13.21,13.28,23,-0.01263940520446094
2016-10-05,13.28,13.35,13.04,13.04,20,-0.01807228915662651
2016-10-06,13.03,13.14,12.69,12.85,19,-0.014570552147239235
2016-10-07,12.85,12.99,12.53,12.67,22,-0.014007782101167265
2016-10-08,12.67,12.69,12.05,12.22,19,-0.03551696921862657
2016-10-09,12.22,12.36,11.98,12.05,18,-0.013911620294599025
2016-10-10,12.06,12.06,11.62,11.76,19,-0.0240663900414938
2016-10-11,11.76,12.16,11.75,11.79,19,0.0025510204081631294
2016-10-12,11.78,12.07,11.71,11.93,19,0.01187446988973706
2016-10-13,11.91,12.13,11.78,11.96,19,0.0025146689019279744
2016-10-14,11.99,12.07,11.9,11.94,23,-0.0016722408026756952
2016-10-15,11.94,12.0,11.78,11.98,17,0.003350083752093891
2016-10-16,11.98,12.01,11.93,11.95,14,-0.0025041736227046085
2016-10-17,11.96,12.03,11.86,12.01,21,0.00502092050209213
2016-10-18,12.0,12.93,12.0,12.59,23,0.048293089092422914
2016-10-19,12.59,12.62,11.91,12.02,19,-0.045274027005559936
2016-10-20,12.05,12.29,12.0,12.1,17,0.006655574043261225
2016-10-21,12.13,12.21,12.02,12.18,15,0.006611570247933907
2016-10-22,12.18,12.19,11.95,12.07,16,-0.009031198686371034
2016-10-23,12.13,12.14,11.94,12.04,15,-0.0024855012427507095
2016-10-24,12.04,12.1,11.91,11.97,17,-0.005813953488371992
2016-10-25,11.97,11.99,11.15,11.41,20,-0.04678362573099415
2016-10-26,11.38,11.66,11.38,11.53,18,0.010517090271691343
2016-10-27,11.53,11.61,11.26,11.5,19,-0.002601908065914982
2016-10-28,11.47,11.58,10.95,11.09,20,-0.03565217391304354
2016-10-29,11.1,11.2,9.56,10.44,19,-0.05861136158701541
2016-10-30,10.43,11.45,10.29,11.18,14,0.07088122605363978
2016-10-31,11.23,11.5,10.94,11.0,16,-0.01610017889087656
2016-11-01,10.96,11.18,10.3,10.77,22,-0.020909090909090988
2016-11-02,10.77,11.16,10.69,10.75,16,-0.0018570102135561095
2016-11-03,10.8,11.11,10.76,10.8,20,0.0046511627906977715
2016-11-04,10.82,11.12,10.82,11.09,17,0.026851851851851682
2016-11-05,11.09,11.24,10.88,11.0,16,-0.008115419296663595
2016-11-06,10.99,11.25,10.85,10.87,11,-0.011818181818181839
2016-11-07,10.9,10.96,10.78,10.81,11,-0.00551977920883151
2016-11-08,10.85,10.92,10.74,10.83,11,0.0018501387604070718
2016-11-09,10.82,10.83,10.22,10.66,10,-0.01569713758079405
2016-11-10,10.67,10.68,10.51,10.52,12,-0.013133208255159512
2016-11-11,10.51,10.57,10.26,10.29,10,-0.02186311787072248
2016-11-12,10.29,10.34,9.7,9.88,13,-0.039844509232264125
2016-11-13,9.89,10.41,9.84,10.1,12,0.022267206477732726
2016-11-14,10.1,10.16,9.96,9.97,9,-0.012871287128712772
2016-11-15,9.97,10.32,9.85,10.22,11,0.02507522567703102
2016-11-16,10.22,10.33,9.93,10.06,10,-0.015655577299412915
2016-11-17,10.06,10.19,9.92,9.99,12,-0.006958250497017926
2016-11-18,9.99,10.01,9.48,9.48,11,-0.05105105105105101
2016-11-19,9.48,9.75,9.48,9.66,8,0.018987341772151778
2016-11-20,9.66,9.71,9.52,9.58,9,-0.008281573498964856
2016-11-21,9.58,9.64,9.54,9.62,11,0.0041753653444676075
2016-11-22,9.63,10.24,9.59,9.91,8,0.03014553014553023
2016-11-23,9.92,9.96,9.76,9.84,11,-0.007063572149344166
2016-11-24,9.85,9.85,8.93,9.23,14,-0.061991869918699094
2016-11-25,9.23,9.75,9.21,9.4,10,0.018418201516793076
2016-11-26,9.42,9.5,9.31,9.33,7,-0.007446808510638281
2016-11-27,9.31,9.33,8.78,9.0,10,-0.03536977491961413
2016-11-28,9.0,9.01,8.72,8.72,12,-0.03111111111111109
2016-11-29,8.73,8.74,7.88,8.17,15,-0.06307339449541294
2016-11-30,8.16,8.75,8.16,8.59,11,0.05140758873928997
2016-12-01,8.6,8.65,8.36,8.45,9,-0.016298020954598424
2016-12-02,8.46,8.46,7.42,7.76,10,-0.08165680473372772
2016-12-03,7.77,8.15,7.67,7.92,11,0.020618556701030855
2016-12-04,7.9,7.95,7.44,7.44,10,-0.06060606060606055
2016-12-05,7.41,7.64,6.66,6.82,16,-0.08333333333333337
2016-12-06,6.8,7.92,5.98,7.87,15,0.1539589442815248
2016-12-07,7.89,8.54,7.33,8.38,10,0.06480304955527338
2016-12-08,8.38,8.86,8.23,8.23,11,-0.017899761336515607
2016-12-09,8.17,8.67,8.05,8.45,11,0.02673147023086253
2016-12-10,8.44,8.53,8.02,8.13,7,-0.03786982248520687
2016-12-11,8.13,8.27,8.1,8.19,8,0.007380073800737907
2016-12-12,8.19,8.61,8.17,8.52,11,0.04029304029304037
2016-12-13,8.52,8.53,8.35,8.42,9,-0.011737089201877882
2016-12-14,8.45,8.52,8.25,8.27,8,-0.017814726840855166
2016-12-15,8.24,8.24,7.72,7.83,9,-0.053204353083434075
2016-12-16,7.86,7.93,7.8,7.86,8,0.003831417624521105
2016-12-17,7.86,7.9,7.52,7.88,11,0.0025445292620864812
2016-12-18,7.86,7.93,7.72,7.87,7,-0.0012690355329948444
2016-12-19,7.87,7.87,7.63,7.64,10,-0.029224904701397714
2016-12-20,7.63,7.75,7.57,7.66,9,0.002617801047120505
2016-12-21,7.66,7.94,7.66,7.91,10,0.03263707571801566
2016-12-22,7.9,7.91,7.5,7.58,9,-0.041719342604298326
2016-12-23,7.58,7.69,7.16,7.17,10,-0.05408970976253302
2016-12-24,7.15,7.41,7.15,7.27,9,0.013947001394700065
2016-12-25,7.26,7.34,7.14,7.18,9,-0.012379642365887178
2016-12-26,7.13,7.33,7.05,7.27,7,0.012534818941504211
2016-12-27,7.28,7.32,7.09,7.17,8,-0.01375515818431905
2016-12-28,7.15,7.62,7.08,7.52,13,0.04881450488145034
2016-12-29,7.54,8.53,7.54,8.28,14,0.10106382978723394
2016-12-30,8.29,8.47,8.05,8.16,11,-0.01449275362318836
2016-12-31,8.15,8.16,7.91,7.97,9,-0.023284313725490224
2017-01-01,7.98,8.47,7.98,8.17,9,0.025094102885821812
2017-01-02,8.17,8.44,8.05,8.38,14,0.025703794369645205
2017-01-03,8.37,10.0,8.32,9.73,16,0.16109785202863947
2017-01-04,9.71,11.28,9.56,11.25,21,0.15621788283658788
2017-01-05,11.29,11.89,9.4,10.25,21,-0.0888888888888889
2017-01-06,10.29,10.63,9.63,10.25,14,0.0
2017-01-07,10.24,10.28,9.59,9.87,14,-0.03707317073170735
2017-01-08,9.87,10.39,9.83,10.29,12,0.042553191489361764
2017-01-09,10.31,10.78,10.14,10.33,15,0.0038872691933917736
2017-01-10,10.37,10.69,10.29,10.55,13,0.021297192642788065
2017-01-11,10.54,10.66,9.46,9.72,13,-0.07867298578199056
2017-01-12,9.72,10.08,9.18,9.86,13,0.014403292181069727
2017-01-13,9.83,9.85,9.51,9.77,12,-0.009127789046653123
2017-01-14,9.79,9.89,9.44,9.65,10,-0.01228249744114629
2017-01-15,9.83,10.0,9.6,9.9,12,0.02590673575129543
2017-01-16,9.88,9.93,9.58,9.64,12,-0.02626262626262621
2017-01-17,9.64,10.61,9.54,10.3,13,0.06846473029045641
2017-01-18,10.3,10.52,9.94,10.23,12,-0.006796116504854344
2017-01-19,10.24,10.44,10.18,10.4,11,0.016617790811339184
2017-01-20,10.39,10.76,10.35,10.6,9,0.019230769230769162
2017-01-21,10.6,10.98,10.58,10.91,13,0.029245283018867863
2017-01-22,10.91,10.97,10.58,10.7,10,-0.019248395967002785
2017-01-23,10.71,10.84,10.67,10.82,9,0.011214953271028172
2017-01-24,10.73,10.77,10.57,10.63,14,-0.01756007393715342
2017-01-25,10.62,10.62,10.48,10.57,10,-0.005644402634054635
2017-01-26,10.57,10.67,10.51,10.59,12,0.0018921475875117721
2017-01-27,10.58,10.61,10.44,10.54,11,-0.0047214353163362865
2017-01-28,10.54,10.58,10.43,10.56,9,0.00189753320683117
2017-01-29,10.56,10.57,10.45,10.48,10,-0.007575757575757569
2017-01-30,10.49,10.71,10.47,10.57,8,0.00858778625954204
2017-01-31,10.56,10.75,10.54,10.73,7,0.015137180700094621
2017-02-01,10.74,10.85,10.56,10.73,9,0.0
2017-02-02,10.74,10.89,10.55,10.82,12,0.00838769804287054
2017-02-03,10.81,11.11,10.76,11.11,11,0.026802218114602594
2017-02-04,11.13,11.5,11.13,11.43,11,0.02880288028802891
2017-02-05,11.44,11.49,11.32,11.35,9,-0.006999125109361293
2017-02-06,11.35,11.48,11.34,11.39,12,0.0035242290748900285
2017-02-07,11.43,11.61,11.41,11.52,12,0.0114135206321333
2017-02-08,11.54,11.63,11.24,11.43,9,-0.0078125
2017-02-09,11.44,11.6,10.67,11.03,12,-0.034995625546806686
2017-02-10,11.04,11.34,10.78,11.28,10,0.022665457842248493
2017-02-11,11.29,11.43,11.24,11.35,8,0.006205673758865382
2017-02-12,11.35,11.4,11.3,11.4,11,0.004405286343612369
2017-02-13,11.38,11.39,11.17,11.27,11,-0.01140350877192986
2017-02-14,11.29,13.33,11.29,13.03,15,0.15616681455190773
2017-02-15,13.04,13.04,12.64,12.92,16,-0.008442056792018371
2017-02-16,12.92,12.92,12.54,12.9,13,-0.001547987616099089
2017-02-17,12.9,12.91,12.66,12.68,13,-0.01705426356589157
2017-02-18,12.71,12.83,12.68,12.81,9,0.010252365930599527
2017-02-19,12.82,12.87,12.71,12.76,9,-0.0039032006245121043
2017-02-20,12.77,12.9,12.43,12.43,10,-0.025862068965517238
2017-02-21,12.34,12.77,12.21,12.67,11,0.0193081255028158
2017-02-22,12.69,12.76,12.55,12.6,11,-0.0055248618784530246
2017-02-23,12.6,13.21,12.56,13.12,12,0.041269841269841345
2017-02-24,13.13,13.23,12.88,13.07,16,-0.003810975609755962
2017-02-25,13.06,13.72,12.98,13.55,11,0.03672532517214999
2017-02-26,13.52,14.54,13.4,14.52,16,0.07158671586715859
2017-02-27,14.51,15.68,14.27,15.4,18,0.06060606060606055
2017-02-28,15.45,16.06,15.12,15.82,33,0.027272727272727337
2017-03-01,15.85,17.37,15.56,17.35,30,0.09671302149178262
2017-03-02,17.36,19.35,16.95,19.03,35,0.09682997118155612
2017-03-03,19.04,20.67,18.41,19.46,44,0.022595901208617875
2017-03-04,19.52,20.05,18.62,18.62,28,-0.043165467625899234
2017-03-05,18.5,19.42,18.23,19.3,21,0.036519871106337254
2017-03-06,19.28,20.1,19.11,19.61,26,0.016062176165803077
2017-03-07,19.58,19.63,18.64,18.89,22,-0.03671596124426313
2017-03-08,18.88,18.88,16.65,16.65,21,-0.11858125992588686
2017-03-09,16.64,17.87,16.37,17.75,22,0.06606606606606613
2017-03-10,17.74,19.66,17.68,19.33,21,0.08901408450704218
2017-03-11,19.37,21.59,19.01,21.47,21,0.11070874288670463
2017-03-12,21.46,23.44,21.38,23.44,30,0.09175593851886354
2017-03-13,23.5,30.6,23.5,28.59,55,0.21970989761092152
2017-03-14,28.57,29.93,27.32,28.65,43,0.0020986358866736943
2017-03-15,28.65,35.06,28.43,35.06,47,0.22373472949389184
2017-03-16,35.36,47.17,35.36,46.35,90,0.3220193953223045
2017-03-17,45.93,55.11,38.21,46.83,88,0.010355987055016058
2017-03-18,46.87,46.87,31.7,34.16,62,-0.27055306427503745
2017-03-19,35.53,47.0,35.34,44.74,55,0.3097189695550353
2017-03-20,44.83,46.23,42.44,43.39,52,-0.03017434063477875
2017-03-21,43.51,44.26,42.37,43.15,47,-0.005531228393639176
2017-03-22,43.12,43.52,39.69,42.34,44,-0.01877172653534176
2017-03-23,42.57,44.75,41.3,43.68,39,0.03164855928200283
2017-03-24,43.64,54.14,43.21,53.11,42,0.2158882783882783
2017-03-25,53.58,53.58,48.31,51.25,49,-0.03502165317266048
2017-03-26,50.77,51.8,49.28,50.52,42,-0.014243902439024292
2017-03-27,51.31,52.46,48.93,49.67,49,-0.016825019794140972
2017-03-28,49.71,50.96,49.15,50.77,36,0.022146164686933867
2017-03-29,50.57,53.87,50.55,53.13,39,0.046484144179633535
2017-03-30,53.12,53.31,51.87,52.21,40,-0.017316017316017396
2017-03-31,51.75,51.77,47.38,50.04,38,-0.041562918981038144
2017-04-01,50.03,51.93,48.88,50.7,33,0.013189448441247142
2017-04-02,50.74,51.27,45.43,48.75,31,-0.03846153846153855
2017-04-03,48.82,48.82,43.41,44.36,41,-0.0900512820512821
2017-04-04,43.92,45.74,41.72,44.64,40,0.006311992786294018
2017-04-05,44.66,47.84,44.54,45.3,31,0.014784946236559016
2017-04-06,45.22,45.64,40.9,43.24,32,-0.04547461368653416
2017-04-07,42.87,44.04,41.65,42.16,27,-0.024976873265495025
2017-04-08,41.8,45.21,41.73,44.31,27,0.050996204933586586
2017-04-09,44.28,44.49,42.89,43.27,24,-0.023470999774317325
2017-04-10,43.28,44.14,42.42,43.44,26,0.003928819043216958
2017-04-11,43.5,44.25,43.3,43.41,26,-0.0006906077348066697
2017-04-12,43.46,47.23,43.11,46.29,28,0.06634416033172097
2017-04-13,46.31,50.91,46.31,50.22,37,0.08489954633830199
2017-04-14,49.97,50.05,46.76,47.57,29,-0.05276782158502591
2017-04-15,47.65,49.57,47.18,49.1,30,0.03216312802186261
2017-04-16,49.04,49.14,48.19,48.72,24,-0.00773930753564156
2017-04-17,48.66,48.75,48.05,48.3,24,-0.008620689655172487
2017-04-18,48.32,51.03,48.3,50.71,27,0.04989648033126293
2017-04-19,50.73,50.95,47.26,48.31,28,-0.04732794320646816
2017-04-20,48.13,49.99,48.13,49.67,30,0.028151521424135684
2017-04-21,49.64,49.66,48.14,48.22,29,-0.02919267163277639
2017-04-22,48.18,48.74,48.17,48.55,25,0.006843633347158873
2017-04-23,48.59,48.89,48.17,48.49,26,-0.0012358393408855584
2017-04-24,48.87,50.18,48.87,50.03,32,0.031759125592905724
2017-04-25,50.07,50.3,49.81,49.89,34,-0.002798321007395521
2017-04-26,49.91,53.44,49.91,52.72,40,0.05672479454800561
2017-04-27,52.81,62.17,52.29,62.17,57,0.17924886191198786
2017-04-28,62.23,70.85,62.13,70.16,73,0.12851857809232747
2017-04-29,71.39,71.9,66.78,68.38,53,-0.025370581527936142
2017-04-30,68.54,79.02,68.35,79.02,69,0.15560105293945603
2017-05-01,79.32,82.52,73.09,76.3,98,-0.0344216654011642
2017-05-02,76.65,79.35,74.38,77.26,70,0.012581913499344788
2017-05-03,77.25,80.1,75.76,79.72,63,0.0318405384416256
2017-05-04,79.72,97.56,79.43,96.98,88,0.21650777722027104
2017-05-05,96.73,103.23,92.22,94.4,100,-0.0266034233862652
2017-05-06,94.91,97.88,90.95,97.81,63,0.036122881355932224
2017-05-07,97.87,98.24,89.87,94.01,13,-0.0388508332481341
2017-05-08,93.75,95.14,89.51,91.42,16,-0.027550260610573418
2017-05-09,91.23,93.06,80.39,91.16,16,-0.002844016626558754
2017-05-10,91.15,92.85,85.29,89.52,13,-0.0179903466432646
2017-05-11,89.77,102.55,88.48,89.88,14,0.004021447721179516
2017-05-12,89.43,93.12,88.66,88.66,12,-0.013573653760569626
2017-05-13,88.69,93.81,86.66,90.84,12,0.024588314910895637
2017-05-14,90.87,91.25,89.61,90.79,11,-0.0005504183179215749
2017-05-15,90.78,95.43,86.83,92.41,13,0.01784337482101539
2017-05-16,92.39,93.56,89.12,89.44,13,-0.03213937885510221
2017-05-17,89.25,91.27,84.43,89.86,11,0.004695885509839126
2017-05-18,89.84,97.37,89.84,96.91,12,0.07845537502782096
2017-05-19,97.05,133.56,97.05,129.53,26,0.33660096997213906
2017-05-20,129.22,133.64,124.7,126.52,23,-0.02323785995522276
2017-05-21,127.54,159.03,125.89,157.94,28,0.24834018337021813
2017-05-22,158.17,201.75,152.47,174.26,57,0.1033303786247941
2017-05-23,170.82,183.55,169.93,181.95,47,0.044129461723860786
2017-05-24,182.65,228.37,182.45,190.05,55,0.04451772464962911
2017-05-25,189.85,210.98,170.51,174.45,63,-0.08208366219415952
2017-05-26,175.22,193.69,150.28,160.4,43,-0.08053883634279158
2017-05-27,159.82,166.95,120.44,157.76,36,-0.016458852867830553
2017-05-28,158.82,179.94,157.6,170.51,31,0.08081896551724133
2017-05-29,170.13,197.13,164.53,194.91,32,0.14310011143041468
2017-05-30,195.61,233.71,189.29,231.91,45,0.18983120414550303
2017-05-31,231.58,236.97,215.57,230.67,51,-0.005346901815359462
2017-06-01,230.89,236.22,214.48,222.24,44,-0.0365457146573025
2017-06-02,222.29,229.41,219.58,223.78,34,0.0069294456443484975
2017-06-03,223.46,225.97,219.42,224.38,30,0.0026812047546698192
2017-06-04,224.12,250.41,223.98,245.33,37,0.09336839290489363
2017-06-05,245.26,249.47,243.05,248.46,40,0.012758325520727087
2017-06-06,248.6,267.51,246.84,264.47,47,0.06443693149802798
2017-06-07,264.26,264.67,254.04,258.07,46,-0.02419934208038732
2017-06-08,257.99,262.25,253.97,261.67,41,0.01394970356879921
2017-06-09,261.75,282.76,261.75,281.74,42,0.07669965987694427
2017-06-10,282.01,350.26,282.01,337.67,56,0.1985163626038191
2017-06-11,338.79,353.01,318.17,340.61,66,0.008706725501228973
2017-06-12,341.16,414.76,341.16,401.49,100,0.17873814626699147
2017-06-13,395.69,411.18,370.06,397.54,85,-0.009838352138284878
2017-06-14,397.59,399.32,342.21,359.05,76,-0.0968204457413091
2017-06-15,358.51,364.44,300.7,361.93,79,0.008021166968388727
2017-06-16,361.18,373.06,341.42,370.23,59,0.022932611278424053
2017-06-17,369.88,379.41,364.0,379.41,46,0.024795397455635637
2017-06-18,379.52,390.58,368.84,371.46,44,-0.020953585830631893
2017-06-19,371.86,377.12,369.76,370.06,47,-0.003768911861304014
2017-06-20,370.33,377.97,350.94,359.0,54,-0.02988704534399833
2017-06-21,359.54,361.34,319.48,336.87,71,-0.06164345403899718
2017-06-22,337.73,342.03,330.62,336.37,69,-0.0014842520853741714
2017-06-23,336.49,348.01,334.99,341.74,56,0.015964562832595064
2017-06-24,341.63,343.62,322.09,323.7,48,-0.05278866974893204
2017-06-25,323.47,332.79,284.65,303.25,56,-0.06317578004324986
2017-06-26,302.95,311.46,238.65,272.69,78,-0.10077493816982686
2017-06-27,272.69,293.09,227.14,293.09,64,0.07481022406395543
2017-06-28,293.04,333.1,276.41,327.93,55,0.11887133644955483
2017-06-29,328.37,330.71,297.37,302.88,46,-0.07638825359070534
2017-06-30,303.15,315.17,288.44,294.92,37,-0.026281035393555086
2017-07-01,293.35,293.75,268.62,274.6,35,-0.06890004068900035
2017-07-02,275.12,295.51,262.52,287.99,32,0.04876183539694101
2017-07-03,288.41,291.1,281.18,282.9,34,-0.017674224799472338
2017-07-04,282.19,287.39,273.11,273.3,32,-0.033934252386002006
2017-07-05,273.1,275.13,261.45,268.77,35,-0.016575192096597302
2017-07-06,268.86,278.48,265.51,270.55,34,0.006622762957175343
2017-07-07,270.35,273.94,244.17,245.99,37,-0.09077804472371098
2017-07-08,245.89,273.48,236.55,251.7,34,0.023212325704296877
2017-07-09,251.82,255.1,242.14,242.14,30,-0.03798172427493052
2017-07-10,243.01,243.07,196.97,215.36,47,-0.11059717518790768
2017-07-11,211.53,220.29,183.39,197.4,59,-0.08339524517087671
2017-07-12,197.15,230.77,189.59,230.77,45,0.1690476190476191
2017-07-13,231.81,231.81,200.06,209.73,37,-0.09117302942323535
2017-07-14,209.53,211.1,187.37,199.66,35,-0.04801411338387451
2017-07-15,199.71,200.16,170.66,170.66,34,-0.14524691976359816
2017-07-16,169.57,172.01,133.72,157.36,48,-0.07793273174733373
2017-07-17,159.99,194.75,158.04,193.42,39,0.2291560752414843
2017-07-18,195.03,267.99,182.06,234.39,43,0.21181883983042082
2017-07-19,234.94,245.65,191.75,199.7,43,-0.14800119459021288
2017-07-20,205.42,233.9,203.22,227.26,39,0.13800701051577358
2017-07-21,226.06,235.12,213.01,218.31,34,-0.03938220540350257
2017-07-22,217.86,232.7,216.87,229.48,25,0.05116577344143636
2017-07-23,229.12,231.68,217.72,225.95,28,-0.015382604148509671
2017-07-24,226.28,227.54,222.45,224.71,29,-0.00548793980969231
2017-07-25,224.37,225.32,195.84,206.71,30,-0.08010324418138937
2017-07-26,207.09,210.77,194.78,203.95,29,-0.013352039088578294
2017-07-27,204.86,206.44,201.26,204.32,24,0.0018141701397400567
2017-07-28,204.32,204.9,192.3,193.12,29,-0.05481597494126855
2017-07-29,193.34,208.68,179.65,205.79,23,0.06560687655343811
2017-07-30,206.74,208.54,196.15,197.98,22,-0.03795130958744353
2017-07-31,197.41,203.87,193.41,203.87,24,0.029750479846449185
2017-08-01,204.69,227.74,204.69,226.77,32,0.11232648256241728
2017-08-02,227.01,229.51,218.12,219.95,27,-0.030074524848966
2017-08-03,220.18,228.29,219.89,225.34,21,0.02450556944760174
2017-08-04,225.31,227.62,222.06,223.07,22,-0.010073666459572195
2017-08-05,222.85,256.51,221.95,256.51,25,0.1499081005962255
2017-08-06,256.42,271.05,252.85,261.57,30,0.019726326459007515
2017-08-07,261.24,271.96,256.69,269.18,31,0.02909355048361828
2017-08-08,269.1,298.91,266.8,296.77,37,0.10249647076305801
2017-08-09,297.63,318.72,276.69,296.03,34,-0.002493513495299471
2017-08-10,296.96,306.59,289.93,295.89,29,-0.0004729250413808561
2017-08-11,294.5,309.21,294.5,308.86,28,0.04383385717665367
2017-08-12,308.71,317.56,307.9,310.6,30,0.005633620410542051
2017-08-13,310.37,310.82,289.31,298.06,32,-0.040373470701867364
2017-08-14,298.03,306.81,296.41,300.1,36,0.0068442595450581845
2017-08-15,299.95,300.41,279.33,289.82,33,-0.03425524825058324
2017-08-16,289.82,303.41,285.38,302.27,30,0.04295769788144366
2017-08-17,302.81,311.03,300.25,301.46,33,-0.0026797234260760305
2017-08-18,301.7,307.96,292.5,295.59,27,-0.01947190340343663
2017-08-19,296.18,301.67,286.18,297.47,24,0.006360161033864609
2017-08-20,296.64,301.43,291.58,301.43,22,0.013312266783204851
2017-08-21,300.48,347.05,297.23,321.59,35,0.0668811996151677
2017-08-22,321.06,327.36,297.91,314.79,29,-0.021144936098759115
2017-08-23,315.27,324.21,314.54,317.52,29,0.00867244829886582
2017-08-24,317.45,327.96,317.08,325.61,26,0.025478710002519556
2017-08-25,326.11,336.4,325.8,331.92,27,0.01937901170111478
2017-08-26,331.99,334.99,327.92,333.88,23,0.005905037358399534
2017-08-27,334.36,347.89,334.36,347.89,22,0.04196118365879964
2017-08-28,350.04,352.05,338.41,347.75,28,-0.0004024260542124791
2017-08-29,347.96,373.76,347.79,370.67,35,0.06590941768511871
2017-08-30,369.47,388.75,361.97,378.49,40,0.02109693258154155
2017-08-31,378.44,386.14,376.35,383.04,38,0.012021453671167137
2017-09-01,383.47,390.04,383.47,387.74,39,0.012270258980785265
2017-09-02,387.82,389.35,328.1,348.98,38,-0.09996389333058231
2017-09-03,350.23,366.49,332.23,347.48,30,-0.00429824058685313
2017-09-04,347.13,347.13,279.94,295.17,43,-0.15054103833314147
2017-09-05,297.57,318.57,268.29,312.99,37,0.060371989023274786
2017-09-06,313.8,334.66,313.49,334.34,30,0.06821304195022204
2017-09-07,333.52,333.52,319.94,329.43,29,-0.014685649338996187
2017-09-08,329.64,329.64,285.16,296.5,31,-0.09996053789879489
2017-09-09,296.17,299.89,287.22,294.4,24,-0.007082630691399694
2017-09-10,294.06,294.76,268.97,288.75,24,-0.01919157608695643
2017-09-11,289.75,300.69,286.69,294.53,25,0.020017316017315823
2017-09-12,294.63,311.19,287.23,291.46,25,-0.010423386412250046
2017-09-13,291.12,291.12,260.61,277.11,31,-0.049234886433815794
2017-09-14,276.59,280.84,213.91,213.91,33,-0.22806827613583058
2017-09-15,215.22,258.65,195.03,250.46,34,0.17086625216212425
2017-09-16,250.87,262.59,238.22,246.52,21,-0.015731054859059346
2017-09-17,245.85,257.0,235.24,251.75,20,0.021215317215641738
2017-09-18,252.23,293.5,252.23,293.5,28,0.16583912611717966
2017-09-19,293.66,295.77,274.48,282.8,29,-0.03645655877342413
2017-09-20,282.01,290.89,278.05,283.74,22,0.003323903818953422
2017-09-21,283.26,286.61,255.02,258.58,22,-0.08867272855431041
2017-09-22,258.11,270.54,256.22,264.31,20,0.022159486425864516
2017-09-23,264.6,286.17,261.12,286.17,18,0.08270591351065049
2017-09-24,286.21,292.95,278.13,282.48,18,-0.012894433378760839
2017-09-25,282.22,293.51,281.88,292.33,21,0.03486972529028587
2017-09-26,292.35,293.75,287.02,287.44,20,-0.016727670783019177
2017-09-27,287.02,308.01,286.82,306.47,20,0.06620512106874488
2017-09-28,306.47,307.2,295.47,299.15,20,-0.02388488269651201
2017-09-29,299.12,299.92,279.77,291.47,20,-0.02567273942838022
2017-09-30,291.48,303.96,291.11,301.46,16,0.03427453940371206
2017-10-01,301.55,303.19,295.06,302.34,15,0.002919126915676973
2017-10-02,302.48,302.92,294.58,297.48,21,-0.016074617979757733
2017-10-03,297.48,300.11,288.13,292.46,18,-0.0168750840392633
2017-10-04,292.75,299.39,290.89,292.66,19,0.0006838542022842287
2017-10-05,292.77,298.04,288.84,295.86,19,0.010934189844871156
2017-10-06,295.15,308.84,294.95,308.59,18,0.0430271074156694
2017-10-07,308.89,313.13,304.98,311.12,18,0.008198580640980113
2017-10-08,311.06,312.54,308.03,308.61,18,-0.008067626639238878
2017-10-09,308.67,309.31,288.19,297.39,23,-0.03635656654029362
2017-10-10,297.6,306.15,293.17,299.87,18,0.008339217862066706
2017-10-11,301.18,304.39,299.1,303.46,20,0.011971854470270271
2017-10-12,303.5,309.15,303.29,304.14,26,0.0022408225136756332
2017-10-13,304.08,348.6,299.66,338.76,35,0.11382915762477808
2017-10-14,338.85,347.98,334.7,339.63,25,0.0025681898689338123
2017-10-15,339.53,342.72,320.43,336.6,28,-0.008921473368076915
2017-10-16,336.71,349.35,332.04,333.38,37,-0.009566250742721438
2017-10-17,333.48,333.48,311.79,317.08,28,-0.04889315495830582
2017-10-18,316.94,317.24,290.64,314.32,29,-0.008704427904629664
2017-10-19,314.54,316.71,305.83,308.09,26,-0.019820565029269543
2017-10-20,308.05,311.44,303.49,304.01,26,-0.013242883572981867
2017-10-21,303.57,303.93,291.77,300.19,25,-0.012565376138942819
2017-10-22,300.55,305.5,292.81,295.45,23,-0.015789999666877663
2017-10-23,295.1,295.75,277.57,286.95,28,-0.028769673379590466
2017-10-24,287.12,311.96,282.66,298.33,28,0.03965847708660042
2017-10-25,298.44,301.85,290.72,297.93,24,-0.001340797103878133
2017-10-26,298.02,301.07,295.22,296.53,23,-0.0046990903903603165
2017-10-27,296.51,299.26,294.06,297.42,20,0.0030013826594275095
2017-10-28,297.92,300.36,293.58,296.3,18,-0.0037657185125411496
2017-10-29,296.38,313.75,296.38,305.09,21,0.02966587917651009
2017-10-30,304.78,310.5,304.35,307.75,23,0.008718738732832909
2017-10-31,307.38,310.55,305.88,305.88,25,-0.006076360682372051
2017-11-01,305.76,306.4,290.58,291.69,28,-0.04639074146724209
2017-11-02,290.73,293.91,281.17,287.43,39,-0.014604545922040524
2017-11-03,288.5,308.31,287.69,305.71,33,0.0635980934488396
2017-11-04,305.48,305.48,295.8,300.47,28,-0.017140427202250397
2017-11-05,300.04,301.37,295.12,296.26,28,-0.01401138216793707
2017-11-06,296.43,305.42,293.72,298.89,30,0.008877337473840452
2017-11-07,298.57,304.84,290.77,294.66,31,-0.014152363745859597
